Genus_species,var,m_prob,Family
Caluromys_derbianus,CI,0.991,Didelphidae
Cebuella_pygmaea,CI,0.991,Callitrichidae (Cebidae)
Saimiri_sciureus,CI,0.991,Cebidae
Callithrix_geoffroyi,CI,0.99,Callitrichidae
Phalanger_gymnotis,CI,0.99,Phalangeridae
Galago_senegalensis,CI,0.989,Galagidae
Hemibelideus_lemuroides,CI,0.989,Pseudocheiridae
Mico_argentata,CI,0.989,Callitrichidae
Caluromysiops_irrupta,CI,0.988,Didelphidae
Spilocuscus_maculatus,CI,0.988,Phalangeridae
Phalanger_orientalis,CI,0.987,Phalangeridae
Saguinus_oedipus,CI,0.987,Callitrichidae
Caluromys_philander,CI,0.986,Didelphidae
Petauroides_volans,CI,0.985,Pseudocheiridae
Petaurus_breviceps,CI,0.985,Petauridae
Pseudocheirus_peregrinus,CI,0.985,Pseudocheiridae
Callimico_goeldii,CI,0.984,Callitrichidae
Caluromys_lanatus,CI,0.984,Didelphidae
Marmosa_demerarae,CI,0.984,Didelphidae
Marmosa_murina,CI,0.984,Didelphidae
Marmosa_robinsoni,CI,0.983,Didelphidae
Marmosa_regina,CI,0.982,Didelphidae
Marmosops_bishopi,CI,0.981,Didelphidae
Phascolarctos_cinereus,CI,0.981,Phascolarctidae
Saimiri_sciureus,FEB,0.995,Cebidae
Petauroides_volans,FEB,0.994,Pseudocheiridae
Petaurista_petaurista,FEB,0.993,Sciuridae
Galeopterus_variegatus,FEB,0.991,Cynocephalidae
Petaurista_elegans,FEB,0.991,Sciuridae
Callithrix_geoffroyi,FEB,0.99,Callitrichidae
Mico_argentata,FEB,0.99,Callitrichidae
Petaurus_norfolcensis,FEB,0.99,Petauridae
Cynocephalus_volans,FEB,0.989,Cynocephalidae
Petaurista_magnificus,FEB,0.989,Sciuridae
Aeromys_tephromelas,FEB,0.988,Sciuridae
Marmosa_mexicana,FEB,0.988,Didelphidae
Galago_senegalensis,FEB,0.987,Galagidae
Petaurus_breviceps,FEB,0.987,Petauridae
Caluromys_lanatus,FEB,0.986,Didelphidae
Cebuella_pygmaea,FEB,0.986,Callitrichidae (Cebidae)
Marmosops_bishopi,FEB,0.986,Didelphidae
Thylamys_elegans,FEB,0.986,Didelphidae
Monodelphis_brevicaudata,FEB,0.985,Didelphidae
Saguinus_oedipus,FEB,0.985,Callitrichidae
Caluromys_philander,FEB,0.984,Didelphidae
Marmosa_robinsoni,FEB,0.984,Didelphidae
Acrobates_pygmaeus,FEB,0.983,Acrobatidae
Gracilinanus_microtarsus,FEB,0.983,Didelphidae
Saimiri_sciureus,FRI,0.994,Cebidae
Mico_argentata,FRI,0.993,Callitrichidae
Petauroides_volans,FRI,0.992,Pseudocheiridae
Callimico_goeldii,FRI,0.99,Callitrichidae
Petaurus_norfolcensis,FRI,0.99,Petauridae
Saguinus_oedipus,FRI,0.99,Callitrichidae
Caluromys_philander,FRI,0.989,Didelphidae
Galeopterus_variegatus,FRI,0.989,Cynocephalidae
Callithrix_geoffroyi,FRI,0.988,Callitrichidae
Caluromys_derbianus,FRI,0.988,Didelphidae
Caluromys_lanatus,FRI,0.987,Didelphidae
Marmosa_robinsoni,FRI,0.987,Didelphidae
Aeromys_tephromelas,FRI,0.986,Sciuridae
Leontopithecus_chrysomelas,FRI,0.986,Callitrichidae
Petaurista_elegans,FRI,0.986,Sciuridae
Petaurus_breviceps,FRI,0.986,Petauridae
Thylamys_elegans,FRI,0.986,Didelphidae
Marmosops_bishopi,FRI,0.985,Didelphidae
Marmosa_mexicana,FRI,0.984,Didelphidae
Petaurista_petaurista,FRI,0.984,Sciuridae
Cebuella_pygmaea,FRI,0.983,Callitrichidae (Cebidae)
Cynocephalus_volans,FRI,0.983,Cynocephalidae
Gracilinanus_microtarsus,FRI,0.983,Didelphidae
Marmosa_demerarae,FRI,0.983,Didelphidae
Saimiri_sciureus,Fl,0.991,Cebidae
Callimico_goeldii,Fl,0.989,Callitrichidae
Callithrix_geoffroyi,Fl,0.989,Callitrichidae
Caluromysiops_irrupta,Fl,0.988,Didelphidae
Mico_argentata,Fl,0.988,Callitrichidae
Caluromys_derbianus,Fl,0.987,Didelphidae
Cebuella_pygmaea,Fl,0.987,Callitrichidae (Cebidae)
Saguinus_oedipus,Fl,0.987,Callitrichidae
Leontopithecus_chrysomelas,Fl,0.986,Callitrichidae
Petauroides_volans,Fl,0.986,Pseudocheiridae
Caluromys_philander,Fl,0.985,Didelphidae
Caluromys_lanatus,Fl,0.984,Didelphidae
Marmosa_robinsoni,Fl,0.983,Didelphidae
Petaurus_breviceps,Fl,0.982,Petauridae
Thylamys_elegans,Fl,0.982,Didelphidae
Marmosa_murina,Fl,0.981,Didelphidae
Petaurus_norfolcensis,Fl,0.981,Petauridae
Galago_senegalensis,Fl,0.98,Galagidae
Thylamys_pallidior,Fl,0.98,Didelphidae
Hemibelideus_lemuroides,Fl,0.979,Pseudocheiridae
Pseudocheirus_peregrinus,Fl,0.979,Pseudocheiridae
Gracilinanus_agilis,Fl,0.978,Didelphidae
Marmosa_demerarae,Fl,0.977,Didelphidae
Marmosa_mexicana,Fl,0.977,Didelphidae
Saimiri_sciureus,HEB,0.993,Cebidae
Petauroides_volans,HEB,0.992,Pseudocheiridae
Leontopithecus_chrysomelas,HEB,0.991,Callitrichidae
Cebuella_pygmaea,HEB,0.99,Callitrichidae (Cebidae)
Petaurista_magnificus,HEB,0.99,Sciuridae
Petaurus_norfolcensis,HEB,0.99,Petauridae
Mico_argentata,HEB,0.989,Callitrichidae
Callimico_goeldii,HEB,0.988,Callitrichidae
Saguinus_oedipus,HEB,0.988,Callitrichidae
Thylamys_elegans,HEB,0.988,Didelphidae
Callithrix_geoffroyi,HEB,0.987,Callitrichidae
Marmosops_bishopi,HEB,0.987,Didelphidae
Thylamys_pallidior,HEB,0.987,Didelphidae
Petaurus_breviceps,HEB,0.986,Petauridae
Caluromys_lanatus,HEB,0.985,Didelphidae
Marmosa_murina,HEB,0.985,Didelphidae
Caluromys_derbianus,HEB,0.984,Didelphidae
Caluromys_philander,HEB,0.984,Didelphidae
Caluromysiops_irrupta,HEB,0.983,Didelphidae
Glaucomys_sabrinus,HEB,0.982,Sciuridae
Gracilinanus_microtarsus,HEB,0.982,Didelphidae
Petaurista_petaurista,HEB,0.982,Sciuridae
Pseudocheirus_peregrinus,HEB,0.982,Pseudocheiridae
Marmosa_mexicana,HEB,0.98,Didelphidae
Petauroides_volans,HPI,0.993,Pseudocheiridae
Saimiri_sciureus,HPI,0.993,Cebidae
Callithrix_geoffroyi,HPI,0.989,Callitrichidae
Cebuella_pygmaea,HPI,0.985,Callitrichidae (Cebidae)
Petaurista_petaurista,HPI,0.985,Sciuridae
Saguinus_oedipus,HPI,0.985,Callitrichidae
Thylamys_pallidior,HPI,0.985,Didelphidae
Galeopterus_variegatus,HPI,0.983,Cynocephalidae
Petaurus_norfolcensis,HPI,0.983,Petauridae
Mico_argentata,HPI,0.982,Callitrichidae
Petaurista_elegans,HPI,0.982,Sciuridae
Petaurista_magnificus,HPI,0.981,Sciuridae
Gracilinanus_microtarsus,HPI,0.98,Didelphidae
Marmosa_mexicana,HPI,0.98,Didelphidae
Marmosa_murina,HPI,0.98,Didelphidae
Caluromys_lanatus,HPI,0.979,Didelphidae
Leontopithecus_chrysomelas,HPI,0.979,Callitrichidae
Petaurus_breviceps,HPI,0.979,Petauridae
Thylamys_elegans,HPI,0.979,Didelphidae
Caluromys_philander,HPI,0.978,Didelphidae
Caluromysiops_irrupta,HPI,0.978,Didelphidae
Callimico_goeldii,HPI,0.977,Callitrichidae
Hemibelideus_lemuroides,HPI,0.977,Pseudocheiridae
Cynocephalus_volans,HPI,0.976,Cynocephalidae
Saimiri_sciureus,HRI,0.993,Cebidae
Cebuella_pygmaea,HRI,0.991,Callitrichidae (Cebidae)
Petauroides_volans,HRI,0.991,Pseudocheiridae
Mico_argentata,HRI,0.99,Callitrichidae
Callimico_goeldii,HRI,0.989,Callitrichidae
Callithrix_geoffroyi,HRI,0.989,Callitrichidae
Caluromys_lanatus,HRI,0.989,Didelphidae
Caluromys_philander,HRI,0.989,Didelphidae
Leontopithecus_chrysomelas,HRI,0.989,Callitrichidae
Saguinus_oedipus,HRI,0.988,Callitrichidae
Thylamys_elegans,HRI,0.987,Didelphidae
Caluromysiops_irrupta,HRI,0.986,Didelphidae
Petaurus_breviceps,HRI,0.986,Petauridae
Petaurus_norfolcensis,HRI,0.986,Petauridae
Marmosa_murina,HRI,0.983,Didelphidae
Thylamys_pallidior,HRI,0.982,Didelphidae
Hemibelideus_lemuroides,HRI,0.981,Pseudocheiridae
Marmosa_mexicana,HRI,0.981,Didelphidae
Petaurista_elegans,HRI,0.981,Sciuridae
Pseudocheirus_peregrinus,HRI,0.98,Pseudocheiridae
Caluromys_derbianus,HRI,0.979,Didelphidae
Glaucomys_sabrinus,HRI,0.979,Sciuridae
Marmosa_robinsoni,HRI,0.978,Didelphidae
Marmosa_regina,HRI,0.977,Didelphidae
Saimiri_sciureus,Hl,0.991,Cebidae
Leontopithecus_chrysomelas,Hl,0.989,Callitrichidae
Callithrix_geoffroyi,Hl,0.988,Callitrichidae
Caluromysiops_irrupta,Hl,0.987,Didelphidae
Cebuella_pygmaea,Hl,0.987,Callitrichidae (Cebidae)
Petauroides_volans,Hl,0.986,Pseudocheiridae
Callimico_goeldii,Hl,0.985,Callitrichidae
Mico_argentata,Hl,0.985,Callitrichidae
Saguinus_oedipus,Hl,0.985,Callitrichidae
Caluromys_derbianus,Hl,0.983,Didelphidae
Caluromys_philander,Hl,0.982,Didelphidae
Marmosa_robinsoni,Hl,0.982,Didelphidae
Petaurus_breviceps,Hl,0.982,Petauridae
Petaurus_norfolcensis,Hl,0.981,Petauridae
Petaurista_petaurista,Hl,0.98,Sciuridae
Caluromys_lanatus,Hl,0.979,Didelphidae
Marmosa_demerarae,Hl,0.979,Didelphidae
Thylamys_elegans,Hl,0.979,Didelphidae
Thylamys_pallidior,Hl,0.978,Didelphidae
Gracilinanus_agilis,Hl,0.977,Didelphidae
Marmosa_murina,Hl,0.976,Didelphidae
Hemibelideus_lemuroides,Hl,0.975,Pseudocheiridae
Pseudocheirus_peregrinus,Hl,0.975,Pseudocheiridae
Marmosops_bishopi,Hl,0.972,Didelphidae
Spilocuscus_maculatus,Hl,0.972,Phalangeridae
Trichosurus_vulpecula,Hl,0.972,Phalangeridae
Cebuella_pygmaea,IM,0.993,Callitrichidae (Cebidae)
Leontopithecus_chrysomelas,IM,0.992,Callitrichidae
Petaurus_breviceps,IM,0.991,Petauridae
Petaurus_norfolcensis,IM,0.99,Petauridae
Saimiri_sciureus,IM,0.99,Cebidae
Thylamys_elegans,IM,0.989,Didelphidae
Caluromysiops_irrupta,IM,0.988,Didelphidae
Caluromys_philander,IM,0.987,Didelphidae
Mico_argentata,IM,0.987,Callitrichidae
Callithrix_geoffroyi,IM,0.986,Callitrichidae
Caluromys_derbianus,IM,0.986,Didelphidae
Spilocuscus_maculatus,IM,0.986,Phalangeridae
Thylamys_pallidior,IM,0.986,Didelphidae
Pseudocheirus_peregrinus,IM,0.985,Pseudocheiridae
Acrobates_pygmaeus,IM,0.984,Acrobatidae
Marmosa_robinsoni,IM,0.984,Didelphidae
Gracilinanus_agilis,IM,0.983,Didelphidae
Hemibelideus_lemuroides,IM,0.983,Pseudocheiridae
Saguinus_oedipus,IM,0.983,Callitrichidae
Callimico_goeldii,IM,0.981,Callitrichidae
Gracilinanus_marica,IM,0.981,Didelphidae
Marmosa_demerarae,IM,0.981,Didelphidae
Marmosa_murina,IM,0.981,Didelphidae
Petauroides_volans,IM,0.981,Pseudocheiridae
Trichosurus_vulpecula,IM,0.981,Phalangeridae
Leontopithecus_chrysomelas,Ipl,0.993,Callitrichidae
Caluromysiops_irrupta,Ipl,0.989,Didelphidae
Saimiri_sciureus,Ipl,0.989,Cebidae
Caluromys_derbianus,Ipl,0.987,Didelphidae
Cebuella_pygmaea,Ipl,0.987,Callitrichidae (Cebidae)
Callimico_goeldii,Ipl,0.986,Callitrichidae
Callithrix_geoffroyi,Ipl,0.986,Callitrichidae
Cynocephalus_volans,Ipl,0.986,Cynocephalidae
Caluromys_philander,Ipl,0.985,Didelphidae
Galeopterus_variegatus,Ipl,0.984,Cynocephalidae
Mico_argentata,Ipl,0.982,Callitrichidae
Petaurus_breviceps,Ipl,0.981,Petauridae
Thylamys_elegans,Ipl,0.981,Didelphidae
Gracilinanus_microtarsus,Ipl,0.98,Didelphidae
Saguinus_oedipus,Ipl,0.98,Callitrichidae
Petaurus_norfolcensis,Ipl,0.979,Petauridae
Trichosurus_vulpecula,Ipl,0.979,Phalangeridae
Caluromys_lanatus,Ipl,0.978,Didelphidae
Galago_senegalensis,Ipl,0.978,Galagidae
Hemibelideus_lemuroides,Ipl,0.978,Pseudocheiridae
Marmosa_demerarae,Ipl,0.977,Didelphidae
Marmosa_mexicana,Ipl,0.977,Didelphidae
Marmosa_robinsoni,Ipl,0.976,Didelphidae
Marmosa_regina,Ipl,0.975,Didelphidae
Petauroides_volans,Ipl,0.975,Pseudocheiridae
Phalanger_gymnotis,Ipl,0.975,Phalangeridae
Marmosa_mexicana,MANUS,1,Didelphidae
Nycticebus_coucang,MANUS,1,Lorisidae
Petauroides_volans,MANUS,1,Pseudocheiridae
Acrobates_pygmaeus,MANUS,0.999,Acrobatidae
Caluromysiops_irrupta,MANUS,0.999,Didelphidae
Caluromys_derbianus,MANUS,0.998,Didelphidae
Caluromys_lanatus,MANUS,0.998,Didelphidae
Hemibelideus_lemuroides,MANUS,0.998,Pseudocheiridae
Petaurus_norfolcensis,MANUS,0.998,Petauridae
Caluromys_philander,MANUS,0.997,Didelphidae
Galago_senegalensis,MANUS,0.997,Galagidae
Marmosa_demerarae,MANUS,0.997,Didelphidae
Marmosa_murina,MANUS,0.997,Didelphidae
Petaurus_breviceps,MANUS,0.997,Petauridae
Marmosa_regina,MANUS,0.996,Didelphidae
Pseudocheirus_peregrinus,MANUS,0.996,Pseudocheiridae
Petaurista_magnificus,MANUS,0.995,Sciuridae
Petaurista_petaurista,MANUS,0.995,Sciuridae
Phalanger_orientalis,MANUS,0.994,Phalangeridae
Anomalurus_beecrofti,MANUS,0.992,Anomaluridae
Callithrix_geoffroyi,MANUS,0.992,Callitrichidae
Dromiciops_gliroides,MANUS,0.992,Microbiotheriidae
Saimiri_sciureus,MANUS,0.992,Cebidae
Eoglaucomys_fimbriatus,MANUS,0.99,Sciuridae
Gracilinanus_marica,MANUS,0.99,Didelphidae
Marmosa_robinsoni,MANUS,0.99,Didelphidae
Marmosa_mexicana,MANUS2,0.996,Didelphidae
Petauroides_volans,MANUS2,0.996,Pseudocheiridae
Caluromys_derbianus,MANUS2,0.993,Didelphidae
Caluromysiops_irrupta,MANUS2,0.993,Didelphidae
Caluromys_lanatus,MANUS2,0.992,Didelphidae
Caluromys_philander,MANUS2,0.992,Didelphidae
Saimiri_sciureus,MANUS2,0.992,Cebidae
Callithrix_geoffroyi,MANUS2,0.99,Callitrichidae
Cebuella_pygmaea,MANUS2,0.989,Callitrichidae (Cebidae)
Hemibelideus_lemuroides,MANUS2,0.989,Pseudocheiridae
Marmosa_demerarae,MANUS2,0.989,Didelphidae
Marmosa_regina,MANUS2,0.989,Didelphidae
Petaurus_norfolcensis,MANUS2,0.989,Petauridae
Gracilinanus_marica,MANUS2,0.988,Didelphidae
Petaurus_breviceps,MANUS2,0.988,Petauridae
Galago_senegalensis,MANUS2,0.987,Galagidae
Marmosa_murina,MANUS2,0.987,Didelphidae
Mico_argentata,MANUS2,0.987,Callitrichidae
Callimico_goeldii,MANUS2,0.986,Callitrichidae
Nycticebus_coucang,MANUS2,0.986,Lorisidae
Petaurista_magnificus,MANUS2,0.986,Sciuridae
Acrobates_pygmaeus,MANUS2,0.985,Acrobatidae
Thylamys_elegans,MANUS2,0.985,Didelphidae
Marmosa_robinsoni,MANUS2,0.984,Didelphidae
Saguinus_oedipus,MANUS2,0.984,Callitrichidae
Cebuella_pygmaea,MRI,0.991,Callitrichidae (Cebidae)
Callithrix_geoffroyi,MRI,0.99,Callitrichidae
Leontopithecus_chrysomelas,MRI,0.99,Callitrichidae
Mico_argentata,MRI,0.99,Callitrichidae
Saimiri_sciureus,MRI,0.99,Cebidae
Caluromys_philander,MRI,0.989,Didelphidae
Saguinus_oedipus,MRI,0.988,Callitrichidae
Callimico_goeldii,MRI,0.987,Callitrichidae
Caluromys_derbianus,MRI,0.987,Didelphidae
Caluromysiops_irrupta,MRI,0.987,Didelphidae
Caluromys_lanatus,MRI,0.986,Didelphidae
Petaurus_breviceps,MRI,0.986,Petauridae
Thylamys_elegans,MRI,0.986,Didelphidae
Marmosa_robinsoni,MRI,0.985,Didelphidae
Petaurus_norfolcensis,MRI,0.984,Petauridae
Thylamys_pallidior,MRI,0.984,Didelphidae
Pseudocheirus_peregrinus,MRI,0.983,Pseudocheiridae
Gracilinanus_agilis,MRI,0.982,Didelphidae
Hemibelideus_lemuroides,MRI,0.982,Pseudocheiridae
Gracilinanus_microtarsus,MRI,0.981,Didelphidae
Marmosa_murina,MRI,0.98,Didelphidae
Petauroides_volans,MRI,0.98,Pseudocheiridae
Gracilinanus_marica,MRI,0.979,Didelphidae
Marmosa_regina,MRI,0.978,Didelphidae
Marmosops_bishopi,MRI,0.978,Didelphidae
Cebuella_pygmaea,Mtl,0.992,Callitrichidae (Cebidae)
Petaurus_norfolcensis,Mtl,0.99,Petauridae
Acrobates_pygmaeus,Mtl,0.989,Acrobatidae
Petaurus_breviceps,Mtl,0.989,Petauridae
Gracilinanus_marica,Mtl,0.988,Didelphidae
Gracilinanus_microtarsus,Mtl,0.988,Didelphidae
Phalanger_orientalis,Mtl,0.988,Phalangeridae
Callithrix_geoffroyi,Mtl,0.987,Callitrichidae
Caluromys_derbianus,Mtl,0.987,Didelphidae
Caluromys_lanatus,Mtl,0.987,Didelphidae
Thylamys_pallidior,Mtl,0.986,Didelphidae
Gracilinanus_agilis,Mtl,0.985,Didelphidae
Callimico_goeldii,Mtl,0.984,Callitrichidae
Marmosa_regina,Mtl,0.984,Didelphidae
Marmosa_mexicana,Mtl,0.983,Didelphidae
Phalanger_gymnotis,Mtl,0.983,Phalangeridae
Leontopithecus_chrysomelas,Mtl,0.981,Callitrichidae
Marmosa_murina,Mtl,0.981,Didelphidae
Marmosops_noctivagus,Mtl,0.98,Didelphidae
Galago_senegalensis,Mtl,0.975,Galagidae
Marmosops_bishopi,Mtl,0.974,Didelphidae
Spilocuscus_maculatus,Mtl,0.974,Phalangeridae
Glaucomys_volans,Mtl,0.971,Sciuridae
Nycticebus_coucang,Mtl,0.965,Lorisidae
Aeromys_tephromelas,OLI,0.996,Sciuridae
Cynocephalus_volans,OLI,0.996,Cynocephalidae
Galeopterus_variegatus,OLI,0.996,Cynocephalidae
Petaurista_petaurista,OLI,0.996,Sciuridae
Marmosa_murina,OLI,0.995,Didelphidae
Petaurista_elegans,OLI,0.995,Sciuridae
Gracilinanus_marica,OLI,0.994,Didelphidae
Petaurus_norfolcensis,OLI,0.994,Petauridae
Saimiri_sciureus,OLI,0.994,Cebidae
Nycticebus_coucang,OLI,0.993,Lorisidae
Thylamys_pallidior,OLI,0.993,Didelphidae
Petaurista_magnificus,OLI,0.992,Sciuridae
Glaucomys_sabrinus,OLI,0.991,Sciuridae
Caluromysiops_irrupta,OLI,0.99,Didelphidae
Cebuella_pygmaea,OLI,0.99,Callitrichidae (Cebidae)
Leontopithecus_chrysomelas,OLI,0.99,Callitrichidae
Petaurus_breviceps,OLI,0.99,Petauridae
Thylamys_elegans,OLI,0.99,Didelphidae
Gracilinanus_agilis,OLI,0.989,Didelphidae
Gracilinanus_microtarsus,OLI,0.989,Didelphidae
Marmosa_regina,OLI,0.989,Didelphidae
Callithrix_geoffroyi,OLI,0.987,Callitrichidae
Caluromys_derbianus,OLI,0.987,Didelphidae
Caluromys_lanatus,OLI,0.986,Didelphidae
Marmosa_robinsoni,OLI,0.986,Didelphidae
Marmosops_noctivagus,OLI,0.986,Didelphidae
Caluromys_derbianus,PES,1,Didelphidae
Caluromys_lanatus,PES,1,Didelphidae
Galago_senegalensis,PES,1,Galagidae
Gracilinanus_marica,PES,1,Didelphidae
Gracilinanus_microtarsus,PES,1,Didelphidae
Marmosa_regina,PES,1,Didelphidae
Nycticebus_coucang,PES,1,Lorisidae
Petaurus_norfolcensis,PES,1,Petauridae
Phalanger_gymnotis,PES,1,Phalangeridae
Marmosa_mexicana,PES,0.999,Didelphidae
Marmosops_noctivagus,PES,0.999,Didelphidae
Phalanger_orientalis,PES,0.999,Phalangeridae
Dromiciops_gliroides,PES,0.998,Microbiotheriidae
Marmosa_murina,PES,0.998,Didelphidae
Spilocuscus_maculatus,PES,0.998,Phalangeridae
Gracilinanus_agilis,PES,0.996,Didelphidae
Petaurus_breviceps,PES,0.996,Petauridae
Lemur_catta,PES,0.995,Lemuridae
Phloeomys_pallidus,PES,0.992,Muridae
Glis_glis,PES,0.981,Gliridae
Acrobates_pygmaeus,PES,0.98,Acrobatidae
Cynocephalus_volans,PES,0.973,Cynocephalidae
Marmosops_bishopi,PES,0.973,Didelphidae
Leontopithecus_chrysomelas,PES,0.971,Callitrichidae
Galago_senegalensis,PES2,1,Galagidae
Gracilinanus_microtarsus,PES2,1,Didelphidae
Marmosa_murina,PES2,1,Didelphidae
Marmosa_regina,PES2,1,Didelphidae
Nycticebus_coucang,PES2,1,Lorisidae
Petaurus_norfolcensis,PES2,1,Petauridae
Phalanger_gymnotis,PES2,1,Phalangeridae
Caluromys_derbianus,PES2,0.999,Didelphidae
Gracilinanus_marica,PES2,0.999,Didelphidae
Caluromys_lanatus,PES2,0.998,Didelphidae
Gracilinanus_agilis,PES2,0.998,Didelphidae
Phalanger_orientalis,PES2,0.997,Phalangeridae
Galeopterus_variegatus,PES2,0.996,Cynocephalidae
Cynocephalus_volans,PES2,0.995,Cynocephalidae
Lemur_catta,PES2,0.995,Lemuridae
Marmosops_noctivagus,PES2,0.995,Didelphidae
Dromiciops_gliroides,PES2,0.994,Microbiotheriidae
Petaurus_breviceps,PES2,0.993,Petauridae
Spilocuscus_maculatus,PES2,0.993,Phalangeridae
Glis_glis,PES2,0.98,Gliridae
Marmosa_mexicana,PES2,0.977,Didelphidae
Petaurista_petaurista,PES2,0.972,Sciuridae
Leontopithecus_chrysomelas,PES2,0.957,Callitrichidae
Arborimus_longicaudus,PES2,0.954,Cricetidae
Saimiri_sciureus,PRTI,0.994,Cebidae
Cebuella_pygmaea,PRTI,0.992,Callitrichidae (Cebidae)
Marmosa_mexicana,PRTI,0.99,Didelphidae
Petauroides_volans,PRTI,0.99,Pseudocheiridae
Caluromys_derbianus,PRTI,0.989,Didelphidae
Caluromys_lanatus,PRTI,0.989,Didelphidae
Gracilinanus_agilis,PRTI,0.989,Didelphidae
Caluromysiops_irrupta,PRTI,0.988,Didelphidae
Glaucomys_sabrinus,PRTI,0.988,Sciuridae
Petaurus_norfolcensis,PRTI,0.988,Petauridae
Thylamys_elegans,PRTI,0.988,Didelphidae
Callithrix_geoffroyi,PRTI,0.987,Callitrichidae
Caluromys_philander,PRTI,0.987,Didelphidae
Marmosa_murina,PRTI,0.987,Didelphidae
Petaurista_petaurista,PRTI,0.987,Sciuridae
Petaurus_breviceps,PRTI,0.987,Petauridae
Callimico_goeldii,PRTI,0.986,Callitrichidae
Mico_argentata,PRTI,0.986,Callitrichidae
Saguinus_oedipus,PRTI,0.986,Callitrichidae
Thylamys_pallidior,PRTI,0.986,Didelphidae
Aeromys_tephromelas,PRTI,0.985,Sciuridae
Gracilinanus_marica,PRTI,0.985,Didelphidae
Marmosa_demerarae,PRTI,0.985,Didelphidae
Marmosa_robinsoni,PRTI,0.985,Didelphidae
Leontopithecus_chrysomelas,Ppl,0.993,Callitrichidae
Caluromysiops_irrupta,Ppl,0.991,Didelphidae
Callithrix_geoffroyi,Ppl,0.987,Callitrichidae
Petauroides_volans,Ppl,0.987,Pseudocheiridae
Saimiri_sciureus,Ppl,0.985,Cebidae
Caluromys_philander,Ppl,0.983,Didelphidae
Callimico_goeldii,Ppl,0.982,Callitrichidae
Saguinus_oedipus,Ppl,0.982,Callitrichidae
Caluromys_derbianus,Ppl,0.981,Didelphidae
Hemibelideus_lemuroides,Ppl,0.98,Pseudocheiridae
Petaurus_breviceps,Ppl,0.98,Petauridae
Petaurus_norfolcensis,Ppl,0.979,Petauridae
Mico_argentata,Ppl,0.978,Callitrichidae
Marmosa_robinsoni,Ppl,0.977,Didelphidae
Galago_senegalensis,Ppl,0.976,Galagidae
Spilocuscus_maculatus,Ppl,0.975,Phalangeridae
Trichosurus_vulpecula,Ppl,0.975,Phalangeridae
Marmosa_murina,Ppl,0.974,Didelphidae
Pseudocheirus_peregrinus,Ppl,0.973,Pseudocheiridae
Acrobates_pygmaeus,Ppl,0.972,Acrobatidae
Marmosa_demerarae,Ppl,0.972,Didelphidae
Caluromys_lanatus,Ppl,0.971,Didelphidae
Cynocephalus_volans,Ppl,0.971,Cynocephalidae
Cebuella_pygmaea,Ppl,0.97,Callitrichidae (Cebidae)
Saimiri_sciureus,Rl,0.991,Cebidae
Caluromysiops_irrupta,Rl,0.989,Didelphidae
Leontopithecus_chrysomelas,Rl,0.988,Callitrichidae
Callithrix_geoffroyi,Rl,0.987,Callitrichidae
Cebuella_pygmaea,Rl,0.987,Callitrichidae (Cebidae)
Caluromys_derbianus,Rl,0.986,Didelphidae
Callimico_goeldii,Rl,0.985,Callitrichidae
Caluromys_philander,Rl,0.985,Didelphidae
Mico_argentata,Rl,0.985,Callitrichidae
Thylamys_elegans,Rl,0.984,Didelphidae
Petaurus_norfolcensis,Rl,0.983,Petauridae
Saguinus_oedipus,Rl,0.983,Callitrichidae
Marmosa_murina,Rl,0.982,Didelphidae
Marmosa_robinsoni,Rl,0.982,Didelphidae
Petauroides_volans,Rl,0.982,Pseudocheiridae
Petaurus_breviceps,Rl,0.982,Petauridae
Caluromys_lanatus,Rl,0.981,Didelphidae
Thylamys_pallidior,Rl,0.981,Didelphidae
Hemibelideus_lemuroides,Rl,0.979,Pseudocheiridae
Gracilinanus_agilis,Rl,0.978,Didelphidae
Petaurista_petaurista,Rl,0.978,Sciuridae
Pseudocheirus_peregrinus,Rl,0.977,Pseudocheiridae
Marmosa_demerarae,Rl,0.976,Didelphidae
Gracilinanus_marica,Rl,0.975,Didelphidae
Marmosops_bishopi,Rl,0.975,Didelphidae
Marmosops_noctivagus,Rl,0.975,Didelphidae
Saimiri_sciureus,TRI,0.993,Cebidae
Mico_argentata,TRI,0.992,Callitrichidae
Callimico_goeldii,TRI,0.991,Callitrichidae
Saguinus_oedipus,TRI,0.99,Callitrichidae
Callithrix_geoffroyi,TRI,0.989,Callitrichidae
Caluromys_philander,TRI,0.989,Didelphidae
Caluromys_derbianus,TRI,0.988,Didelphidae
Cebuella_pygmaea,TRI,0.988,Callitrichidae (Cebidae)
Thylamys_elegans,TRI,0.988,Didelphidae
Caluromys_lanatus,TRI,0.987,Didelphidae
Petauroides_volans,TRI,0.987,Pseudocheiridae
Petaurus_breviceps,TRI,0.987,Petauridae
Petaurus_norfolcensis,TRI,0.987,Petauridae
Thylamys_pallidior,TRI,0.987,Didelphidae
Gracilinanus_microtarsus,TRI,0.986,Didelphidae
Caluromysiops_irrupta,TRI,0.985,Didelphidae
Pseudocheirus_peregrinus,TRI,0.984,Pseudocheiridae
Acrobates_pygmaeus,TRI,0.983,Acrobatidae
Marmosa_robinsoni,TRI,0.983,Didelphidae
Marmosops_bishopi,TRI,0.983,Didelphidae
Marmosops_noctivagus,TRI,0.983,Didelphidae
Petaurista_petaurista,TRI,0.983,Sciuridae
Leontopithecus_chrysomelas,TRI,0.982,Callitrichidae
Marmosa_murina,TRI,0.982,Didelphidae
Trichosurus_vulpecula,TRI,0.982,Phalangeridae
Saimiri_sciureus,Ul,0.99,Cebidae
Leontopithecus_chrysomelas,Ul,0.989,Callitrichidae
Callimico_goeldii,Ul,0.988,Callitrichidae
Callithrix_geoffroyi,Ul,0.988,Callitrichidae
Caluromysiops_irrupta,Ul,0.988,Didelphidae
Cebuella_pygmaea,Ul,0.988,Callitrichidae (Cebidae)
Mico_argentata,Ul,0.987,Callitrichidae
Saguinus_oedipus,Ul,0.987,Callitrichidae
Caluromys_derbianus,Ul,0.986,Didelphidae
Caluromys_philander,Ul,0.986,Didelphidae
Petaurus_breviceps,Ul,0.984,Petauridae
Caluromys_lanatus,Ul,0.983,Didelphidae
Thylamys_elegans,Ul,0.983,Didelphidae
Marmosa_robinsoni,Ul,0.982,Didelphidae
Petauroides_volans,Ul,0.981,Pseudocheiridae
Petaurus_norfolcensis,Ul,0.981,Petauridae
Pseudocheirus_peregrinus,Ul,0.981,Pseudocheiridae
Thylamys_pallidior,Ul,0.981,Didelphidae
Gracilinanus_agilis,Ul,0.98,Didelphidae
Marmosa_murina,Ul,0.979,Didelphidae
Marmosa_demerarae,Ul,0.978,Didelphidae
Hemibelideus_lemuroides,Ul,0.976,Pseudocheiridae
Gracilinanus_marica,Ul,0.975,Didelphidae
Marmosops_bishopi,Ul,0.975,Didelphidae
Trichosurus_vulpecula,Ul,0.975,Phalangeridae
Cebuella_pygmaea,Uol,0.993,Callitrichidae (Cebidae)
Gracilinanus_marica,Uol,0.991,Didelphidae
Gracilinanus_microtarsus,Uol,0.99,Didelphidae
Saimiri_sciureus,Uol,0.99,Cebidae
Callithrix_geoffroyi,Uol,0.989,Callitrichidae
Caluromys_derbianus,Uol,0.988,Didelphidae
Thylamys_elegans,Uol,0.988,Didelphidae
Caluromys_philander,Uol,0.987,Didelphidae
Marmosa_murina,Uol,0.987,Didelphidae
Petaurus_norfolcensis,Uol,0.987,Petauridae
Thylamys_pallidior,Uol,0.987,Didelphidae
Saguinus_oedipus,Uol,0.986,Callitrichidae
Callimico_goeldii,Uol,0.985,Callitrichidae
Caluromys_lanatus,Uol,0.985,Didelphidae
Leontopithecus_chrysomelas,Uol,0.985,Callitrichidae
Marmosa_regina,Uol,0.985,Didelphidae
Mico_argentata,Uol,0.985,Callitrichidae
Petaurus_breviceps,Uol,0.985,Petauridae
Marmosa_robinsoni,Uol,0.984,Didelphidae
Gracilinanus_agilis,Uol,0.983,Didelphidae
Caluromysiops_irrupta,Uol,0.982,Didelphidae
Pseudocheirus_peregrinus,Uol,0.982,Pseudocheiridae
Marmosa_mexicana,Uol,0.981,Didelphidae
Petaurista_elegans,Uol,0.979,Sciuridae
Phalanger_orientalis,Uol,0.979,Phalangeridae
